{"cameraMode":{"drawMode":0,"name":"Shaded","section":"Shading Mode"},"sceneLighting":true,"audioPlay":false,"sceneViewState":{"m_AlwaysRefresh":false,"showFog":true,"showSkybox":false,"showFlares":true,"showImageEffects":true,"showParticleSystems":true,"showVisualEffectGraphs":true,"m_FxEnabled":false},"in2DMode":false,"pivot":{"x":-44.243919372558597,"y":-31.586088180541993,"z":-19.02536392211914},"rotation":{"x":-0.003758610924705863,"y":-0.9879798293113709,"z":0.15413036942481996,"w":-0.027482537552714349},"size":47.28498840332031,"orthographic":false}