{"cameraMode":{"drawMode":0,"name":"Shaded","section":"Shading Mode"},"sceneLighting":true,"audioPlay":false,"sceneViewState":{"m_AlwaysRefresh":false,"showFog":true,"showSkybox":false,"showFlares":true,"showImageEffects":true,"showParticleSystems":true,"showVisualEffectGraphs":true,"m_FxEnabled":false},"in2DMode":false,"pivot":{"x":-54.54865646362305,"y":-28.880704879760743,"z":-32.11783981323242},"rotation":{"x":0.00006370430492097512,"y":-0.9949314594268799,"z":0.1035914421081543,"w":-0.003756551072001457},"size":51.124420166015628,"orthographic":false}