{"cameraMode":{"drawMode":0,"name":"Shaded","section":"Shading Mode"},"sceneLighting":true,"audioPlay":false,"sceneViewState":{"m_AlwaysRefresh":false,"showFog":true,"showSkybox":false,"showFlares":true,"showImageEffects":true,"showParticleSystems":true,"showVisualEffectGraphs":true,"m_FxEnabled":false},"in2DMode":false,"pivot":{"x":-48.359310150146487,"y":-26.743696212768556,"z":-27.001296997070314},"rotation":{"x":-0.0002368207642575726,"y":-0.9942753314971924,"z":0.10955900698900223,"w":-0.006745246704667807},"size":51.124420166015628,"orthographic":false}