{"cameraMode":{"drawMode":0,"name":"Shaded","section":"Shading Mode"},"sceneLighting":true,"audioPlay":false,"sceneViewState":{"m_AlwaysRefresh":false,"showFog":true,"showSkybox":false,"showFlares":true,"showImageEffects":true,"showParticleSystems":true,"showVisualEffectGraphs":true,"m_FxEnabled":false},"in2DMode":false,"pivot":{"x":38.89529037475586,"y":-13.391562461853028,"z":0.19935622811317445},"rotation":{"x":0.001860013697296381,"y":-0.9972248673439026,"z":0.07667193561792374,"w":0.017182281240820886},"size":47.28498840332031,"orthographic":false}