{"cameraMode":{"drawMode":0,"name":"Shaded","section":"Shading Mode"},"sceneLighting":true,"audioPlay":false,"sceneViewState":{"m_AlwaysRefresh":false,"showFog":true,"showSkybox":true,"showFlares":true,"showImageEffects":true,"showParticleSystems":true,"showVisualEffectGraphs":true,"m_FxEnabled":false},"in2DMode":false,"pivot":{"x":-2.7491071224212648,"y":12.829875946044922,"z":77.00399017333985},"rotation":{"x":-0.05271799489855766,"y":-0.02229391224682331,"z":0.001743028056807816,"w":-0.998767077922821},"size":20.11795425415039,"orthographic":false}