{"cameraMode":{"drawMode":0,"name":"Shaded","section":"Shading Mode"},"sceneLighting":false,"audioPlay":false,"sceneViewState":{"m_AlwaysRefresh":false,"showFog":true,"showSkybox":false,"showFlares":true,"showImageEffects":true,"showParticleSystems":true,"showVisualEffectGraphs":true,"m_FxEnabled":false},"in2DMode":false,"pivot":{"x":1.5165735483169556,"y":-0.6406633853912354,"z":-0.32733145356178286},"rotation":{"x":0.12533126771450044,"y":0.8718195557594299,"z":-0.2945437729358673,"w":0.37096840143203738},"size":1.1118730306625367,"orthographic":false}