{"cameraMode":{"drawMode":0,"name":"Shaded","section":"Shading Mode"},"sceneLighting":false,"audioPlay":false,"sceneViewState":{"m_AlwaysRefresh":false,"showFog":true,"showSkybox":false,"showFlares":true,"showImageEffects":true,"showParticleSystems":true,"showVisualEffectGraphs":true,"m_FxEnabled":false},"in2DMode":false,"pivot":{"x":-1.0476293563842774,"y":0.5044007301330566,"z":-0.7492288947105408},"rotation":{"x":-0.005390131380409002,"y":0.9354352355003357,"z":-0.014329786412417889,"w":-0.3533797264099121},"size":1.1163897514343262,"orthographic":false}