{"cameraMode":{"drawMode":0,"name":"Shaded","section":"Shading Mode"},"sceneLighting":true,"audioPlay":false,"sceneViewState":{"m_AlwaysRefresh":false,"showFog":true,"showSkybox":false,"showFlares":true,"showImageEffects":true,"showParticleSystems":true,"showVisualEffectGraphs":true,"m_FxEnabled":false},"in2DMode":false,"pivot":{"x":-53.496856689453128,"y":-31.540925979614259,"z":15.597344398498536},"rotation":{"x":-0.005813737865537405,"y":-0.9871321320533752,"z":0.15703646838665009,"w":-0.039297543466091159},"size":47.28498840332031,"orthographic":false}