{"cameraMode":{"drawMode":0,"name":"Shaded","section":"Shading Mode"},"sceneLighting":true,"audioPlay":false,"sceneViewState":{"m_AlwaysRefresh":false,"showFog":true,"showSkybox":false,"showFlares":true,"showImageEffects":true,"showParticleSystems":true,"showVisualEffectGraphs":true,"m_FxEnabled":false},"in2DMode":false,"pivot":{"x":-57.844696044921878,"y":-48.26658248901367,"z":14.195383071899414},"rotation":{"x":0.004759140312671661,"y":-0.9728471040725708,"z":0.232137531042099,"w":0.018177123740315439},"size":47.28498840332031,"orthographic":false}