{"cameraMode":{"drawMode":0,"name":"Shaded","section":"Shading Mode"},"sceneLighting":true,"audioPlay":false,"sceneViewState":{"m_AlwaysRefresh":false,"showFog":true,"showSkybox":false,"showFlares":true,"showImageEffects":true,"showParticleSystems":true,"showVisualEffectGraphs":true,"m_FxEnabled":false},"in2DMode":false,"pivot":{"x":-50.209537506103519,"y":-32.956085205078128,"z":18.77545928955078},"rotation":{"x":-0.003588141640648246,"y":-0.9851806163787842,"z":0.1719072163105011,"w":-0.022950440645217897},"size":47.28498840332031,"orthographic":false}