{"cameraMode":{"drawMode":0,"name":"Shaded","section":"Shading Mode"},"sceneLighting":true,"audioPlay":false,"sceneViewState":{"m_AlwaysRefresh":false,"showFog":true,"showSkybox":false,"showFlares":true,"showImageEffects":true,"showParticleSystems":true,"showVisualEffectGraphs":true,"m_FxEnabled":false},"in2DMode":false,"pivot":{"x":-12.561365127563477,"y":-28.05426788330078,"z":-23.88097381591797},"rotation":{"x":-0.0015544779598712922,"y":-0.9904648065567017,"z":0.13932575285434724,"w":-0.014154469594359398},"size":47.28498840332031,"orthographic":false}