{"cameraMode":{"drawMode":0,"name":"Shaded","section":"Shading Mode"},"sceneLighting":true,"audioPlay":false,"sceneViewState":{"m_AlwaysRefresh":false,"showFog":true,"showSkybox":false,"showFlares":true,"showImageEffects":true,"showParticleSystems":true,"showVisualEffectGraphs":true,"m_FxEnabled":false},"in2DMode":false,"pivot":{"x":2.285581588745117,"y":-23.805601119995118,"z":-18.712675094604493},"rotation":{"x":-0.012698191218078137,"y":-0.9874112010002136,"z":0.10731944441795349,"w":-0.11830540001392365},"size":47.28498840332031,"orthographic":false}