{"cameraMode":{"drawMode":0,"name":"Shaded","section":"Shading Mode"},"sceneLighting":true,"audioPlay":false,"sceneViewState":{"m_AlwaysRefresh":false,"showFog":true,"showSkybox":false,"showFlares":true,"showImageEffects":true,"showParticleSystems":true,"showVisualEffectGraphs":true,"m_FxEnabled":false},"in2DMode":false,"pivot":{"x":35.07340621948242,"y":-34.600643157958987,"z":-62.343997955322269},"rotation":{"x":-0.006831852253526449,"y":-0.9888293743133545,"z":0.14214427769184113,"w":-0.051275454461574557},"size":51.636383056640628,"orthographic":false}