{"cameraMode":{"drawMode":0,"name":"Shaded","section":"Shading Mode"},"sceneLighting":true,"audioPlay":false,"sceneViewState":{"m_AlwaysRefresh":false,"showFog":true,"showSkybox":false,"showFlares":true,"showImageEffects":true,"showParticleSystems":true,"showVisualEffectGraphs":true,"m_FxEnabled":false},"in2DMode":false,"pivot":{"x":0.37416136264801028,"y":0.5448475480079651,"z":0.8489872813224793},"rotation":{"x":0.03755108639597893,"y":-0.6433930993080139,"z":-0.03174813836812973,"w":-0.7640248537063599},"size":0.028920408338308336,"orthographic":false}