{"cameraMode":{"drawMode":0,"name":"Shaded","section":"Shading Mode"},"sceneLighting":true,"audioPlay":false,"sceneViewState":{"m_AlwaysRefresh":false,"showFog":true,"showSkybox":false,"showFlares":true,"showImageEffects":true,"showParticleSystems":true,"showVisualEffectGraphs":true,"m_FxEnabled":false},"in2DMode":false,"pivot":{"x":-11.545604705810547,"y":7.3188676834106449,"z":112.5094985961914},"rotation":{"x":0.008761139586567879,"y":-0.9254621863365173,"z":0.3790445923805237,"w":0.019942548125982286},"size":47.28498458862305,"orthographic":false}