{"cameraMode":{"drawMode":0,"name":"Shaded","section":"Shading Mode"},"sceneLighting":true,"audioPlay":false,"sceneViewState":{"m_AlwaysRefresh":false,"showFog":true,"showSkybox":false,"showFlares":true,"showImageEffects":true,"showParticleSystems":true,"showVisualEffectGraphs":true,"m_FxEnabled":false},"in2DMode":false,"pivot":{"x":-24.492767333984376,"y":-37.91100311279297,"z":-44.93032455444336},"rotation":{"x":0.008190756663680077,"y":-0.9758303761482239,"z":0.21740959584712983,"w":0.032774344086647037},"size":35.62455749511719,"orthographic":false}