{"cameraMode":{"drawMode":0,"name":"Shaded","section":"Shading Mode"},"sceneLighting":true,"audioPlay":false,"sceneViewState":{"m_AlwaysRefresh":false,"showFog":true,"showSkybox":false,"showFlares":true,"showImageEffects":true,"showParticleSystems":true,"showVisualEffectGraphs":true,"m_FxEnabled":false},"in2DMode":false,"pivot":{"x":-2.805448293685913,"y":-9.479693412780762,"z":-20.799806594848634},"rotation":{"x":-0.0002537888940423727,"y":-0.9988922476768494,"z":0.048247724771499637,"w":-0.02325400523841381},"size":40.901512145996097,"orthographic":false}