{"cameraMode":{"drawMode":0,"name":"Shaded","section":"Shading Mode"},"sceneLighting":true,"audioPlay":false,"sceneViewState":{"m_AlwaysRefresh":false,"showFog":true,"showSkybox":false,"showFlares":true,"showImageEffects":true,"showParticleSystems":true,"showVisualEffectGraphs":true,"m_FxEnabled":false},"in2DMode":false,"pivot":{"x":-13.182579040527344,"y":-23.378093719482423,"z":-17.770858764648439},"rotation":{"x":-0.013946200720965863,"y":-0.9713629484176636,"z":0.2303019016981125,"w":-0.06217014417052269},"size":40.901512145996097,"orthographic":false}